study,htselex_key,chip_key
PRJEB3289,ETS1_TGTACC30NCAG,ETS1_GM12878_ETS1_HudsonAlpha
PRJEB3289,ETS1_TGTACC30NCAG,ETS1_K562_ETS1_HudsonAlpha
PRJEB3289,HNF4A_TCCGTG40NTGC,HNF4A_HepG2_HNF4A_(SC-8987)_HudsonAlpha
PRJEB3289,IRF3_TCCTAA40NATC,IRF3_HeLa-S3_IRF3_Stanford
PRJEB3289,MAFK_TGCCTG30NTCC,MAFK_H1-hESC_MafK_(ab50322)_Stanford
PRJEB3289,MAFK_TGCCTG30NTCC,MAFK_HeLa-S3_MafK_(ab50322)_Stanford
PRJEB3289,MAFK_TGCCTG30NTCC,MAFK_HepG2_MafK_(ab50322)_Stanford
PRJEB3289,MAFK_TGCCTG30NTCC,MAFK_HepG2_MafK_(SC-477)_Stanford
PRJEB3289,MAFK_TGCCTG30NTCC,MAFK_IMR90_MafK_(ab50322)_Stanford
PRJEB3289,MAFK_TGCCTG30NTCC,MAFK_K562_MafK_(ab50322)_Stanford
PRJEB3289,RFX5_TGGAGC30NGAT,RFX5_GM12878_RFX5_(200-401-194)_Stanford
PRJEB3289,RFX5_TGGAGC30NGAT,RFX5_H1-hESC_RFX5_(200-401-194)_Stanford
PRJEB3289,RFX5_TGGAGC30NGAT,RFX5_HeLa-S3_RFX5_(200-401-194)_Stanford
PRJEB3289,RFX5_TGGAGC30NGAT,RFX5_HepG2_RFX5_(200-401-194)_Stanford
PRJEB3289,RFX5_TGGAGC30NGAT,RFX5_K562_RFX5_(200-401-194)_Stanford
PRJEB3289,RXRA_TCACGT30NGCA,RXRA_GM12878_RXRA_HudsonAlpha
PRJEB3289,RXRA_TCACGT30NGCA,RXRA_HepG2_RXRA_HudsonAlpha
PRJEB14744,CEBPB_TCAACC20NCAA,CEBPB_A549_CEBPB_Stanford
PRJEB14744,CEBPB_TCAACC20NCAA,CEBPB_H1-hESC_CEBPB_Stanford
PRJEB14744,CEBPB_TCAACC20NCAA,CEBPB_HeLa-S3_CEBPB_Stanford
PRJEB14744,CEBPB_TCAACC20NCAA,CEBPB_HepG2_CEBPB_(SC-150)_HudsonAlpha
PRJEB14744,CEBPB_TCAACC20NCAA,CEBPB_HepG2_CEBPB_Stanford
PRJEB14744,CEBPB_TCAACC20NCAA,CEBPB_IMR90_CEBPB_Stanford
PRJEB14744,CEBPB_TCAACC20NCAA,CEBPB_K562_CEBPB_(SC-150)_HudsonAlpha
PRJEB14744,CEBPB_TCAACC20NCAA,CEBPB_K562_CEBPB_Stanford
PRJEB14744,CEBPB_TGGACA20NGA,CEBPB_A549_CEBPB_Stanford
PRJEB14744,CEBPB_TGGACA20NGA,CEBPB_H1-hESC_CEBPB_Stanford
PRJEB14744,CEBPB_TGGACA20NGA,CEBPB_HeLa-S3_CEBPB_Stanford
PRJEB14744,CEBPB_TGGACA20NGA,CEBPB_HepG2_CEBPB_(SC-150)_HudsonAlpha
PRJEB14744,CEBPB_TGGACA20NGA,CEBPB_HepG2_CEBPB_Stanford
PRJEB14744,CEBPB_TGGACA20NGA,CEBPB_IMR90_CEBPB_Stanford
PRJEB14744,CEBPB_TGGACA20NGA,CEBPB_K562_CEBPB_(SC-150)_HudsonAlpha
PRJEB14744,CEBPB_TGGACA20NGA,CEBPB_K562_CEBPB_Stanford
PRJEB14744,CEBPD_TAATGA20NCG,CEBPD_HepG2_CEBPD_(SC-636)_HudsonAlpha
PRJEB14744,EGR1_TCTCTT20NGA,EGR1_GM12878_Egr-1_HudsonAlpha
PRJEB14744,EGR1_TCTCTT20NGA,EGR1_H1-hESC_Egr-1_HudsonAlpha
PRJEB14744,EGR1_TCTCTT20NGA,EGR1_K562_Egr-1_HudsonAlpha
PRJEB14744,ELK1_TCGGAA20NAGT,ELK1_GM12878_ELK1_(1277-1)_Stanford
PRJEB14744,ELK1_TCGGAA20NAGT,ELK1_HeLa-S3_ELK1_(1277-1)_Stanford
PRJEB14744,ELK1_TGAGTG20NTGA,ELK1_GM12878_ELK1_(1277-1)_Stanford
PRJEB14744,ELK1_TGAGTG20NTGA,ELK1_HeLa-S3_ELK1_(1277-1)_Stanford
PRJEB14744,ETS1_TGTAAA20NGA,ETS1_GM12878_ETS1_HudsonAlpha
PRJEB14744,ETS1_TGTAAA20NGA,ETS1_K562_ETS1_HudsonAlpha
PRJEB14744,ETS1_TGTACC30NCAG,ETS1_GM12878_ETS1_HudsonAlpha
PRJEB14744,ETS1_TGTACC30NCAG,ETS1_K562_ETS1_HudsonAlpha
PRJEB14744,HNF4A_TGACAG20NGA,HNF4A_HepG2_HNF4A_(SC-8987)_HudsonAlpha
PRJEB14744,HNF4A_TCCGTG40NTGC,HNF4A_HepG2_HNF4A_(SC-8987)_HudsonAlpha
PRJEB14744,IRF3_TCCTAA40NATC,IRF3_HeLa-S3_IRF3_Stanford
PRJEB14744,MAFK_TGCCTG30NTCC,MAFK_H1-hESC_MafK_(ab50322)_Stanford
PRJEB14744,MAFK_TGCCTG30NTCC,MAFK_HeLa-S3_MafK_(ab50322)_Stanford
PRJEB14744,MAFK_TGCCTG30NTCC,MAFK_HepG2_MafK_(ab50322)_Stanford
PRJEB14744,MAFK_TGCCTG30NTCC,MAFK_HepG2_MafK_(SC-477)_Stanford
PRJEB14744,MAFK_TGCCTG30NTCC,MAFK_IMR90_MafK_(ab50322)_Stanford
PRJEB14744,MAFK_TGCCTG30NTCC,MAFK_K562_MafK_(ab50322)_Stanford
PRJEB14744,MAX_TGACCT20NGA,MAX_A549_Max_Stanford
PRJEB14744,MAX_TGACCT20NGA,MAX_GM12878_Max_Stanford
PRJEB14744,MAX_TGACCT20NGA,MAX_H1-hESC_Max_USC
PRJEB14744,MAX_TGACCT20NGA,MAX_HeLa-S3_Max_Stanford
PRJEB14744,MAX_TGACCT20NGA,MAX_HepG2_Max_Stanford
PRJEB14744,MAX_TGACCT20NGA,MAX_HUVEC_Max_Stanford
PRJEB14744,MAX_TGACCT20NGA,MAX_K562_Max_HudsonAlpha
PRJEB14744,MAX_TGACCT20NGA,MAX_K562_Max_Stanford
PRJEB14744,MAX_TGACCT20NGA,MAX_NB4_Max_Stanford
PRJEB14744,MYBL2_TGAGTG20NGA,MYBL2_HepG2_MYBL2_(SC-81192)_HudsonAlpha
PRJEB14744,NFATC1_TTCGTA20NTGC,NFATC1_GM12878_NFATC1_(SC-17834)_HudsonAlpha
PRJEB14744,NR2C2_TCGACT20NCAT,NR2C2_GM12878_TR4_USC
PRJEB14744,NR2C2_TCGACT20NCAT,NR2C2_HeLa-S3_TR4_USC
PRJEB14744,NR2C2_TCGACT20NCAT,NR2C2_HepG2_TR4_USC
PRJEB14744,NRF1_TAGCGA20NCG,NRF1_GM12878_Nrf1_Stanford
PRJEB14744,NRF1_TAGCGA20NCG,NRF1_H1-hESC_Nrf1_Stanford
PRJEB14744,NRF1_TAGCGA20NCG,NRF1_HeLa-S3_Nrf1_Stanford
PRJEB14744,NRF1_TAGCGA20NCG,NRF1_K562_Nrf1_Stanford
PRJEB14744,PAX5_TACAGG20NGAC,PAX5_GM12878_PAX5-C20_HudsonAlpha
PRJEB14744,PAX5_TACAGG20NGAC,PAX5_GM12878_PAX5-N19_HudsonAlpha
PRJEB14744,PAX5_TACAGG20NGAC,PAX5_GM12891_PAX5-C20_HudsonAlpha
PRJEB14744,PAX5_TACAGG20NGAC,PAX5_GM12892_PAX5-C20_HudsonAlpha
PRJEB14744,POU2F2_TGACAG20NGA,POU2F2_GM12878_POU2F2_HudsonAlpha
PRJEB14744,POU2F2_TGACAG20NGA,POU2F2_GM12891_POU2F2_HudsonAlpha
PRJEB14744,RFX5_TGGAGC30NGAT,RFX5_GM12878_RFX5_(200-401-194)_Stanford
PRJEB14744,RFX5_TGGAGC30NGAT,RFX5_H1-hESC_RFX5_(200-401-194)_Stanford
PRJEB14744,RFX5_TGGAGC30NGAT,RFX5_HeLa-S3_RFX5_(200-401-194)_Stanford
PRJEB14744,RFX5_TGGAGC30NGAT,RFX5_HepG2_RFX5_(200-401-194)_Stanford
PRJEB14744,RFX5_TGGAGC30NGAT,RFX5_K562_RFX5_(200-401-194)_Stanford
PRJEB14744,RUNX3_TCTCCC20NGA,RUNX3_GM12878_RUNX3_(SC-101553)_HudsonAlpha
PRJEB14744,RXRA_TCACGT30NGCA,RXRA_GM12878_RXRA_HudsonAlpha
PRJEB14744,RXRA_TCACGT30NGCA,RXRA_HepG2_RXRA_HudsonAlpha
PRJEB14744,RXRA_TCTACA40NCAG,RXRA_GM12878_RXRA_HudsonAlpha
PRJEB14744,RXRA_TCTACA40NCAG,RXRA_HepG2_RXRA_HudsonAlpha
PRJEB14744,SP4_TTATGT20NGTA,SP4_H1-hESC_SP4_(V-20)_HudsonAlpha
PRJEB14744,TCF3_TACCCG20NCCC,TCF3_GM12878_TCF3_(SC-349)_HudsonAlpha
PRJEB14744,TFAP2A_TTGCAC20NTA,TFAP2A_HeLa-S3_AP-2alpha_USC
PRJEB14744,TFAP2C_TGTCGT20NGCG,TFAP2C_HeLa-S3_AP-2gamma_USC
PRJEB14744,TFAP2C_TCTACA20NCAG,TFAP2C_HeLa-S3_AP-2gamma_USC
PRJEB14744,ZBTB7A_TGAATA20NGA,ZBTB7A_HepG2_ZBTB7A_(SC-34508)_HudsonAlpha
PRJEB14744,ZBTB7A_TGAATA20NGA,ZBTB7A_K562_ZBTB7A_(SC-34508)_HudsonAlpha
PRJEB14744,ZNF143_TGCAAG20NCG,ZNF143_GM12878_Znf143_(16618-1-AP)_Stanford
PRJEB14744,ZNF143_TGCAAG20NCG,ZNF143_H1-hESC_Znf143_(16618-1-AP)_Stanford
PRJEB14744,ZNF143_TGCAAG20NCG,ZNF143_HeLa-S3_Znf143_(16618-1-AP)_Stanford
PRJEB14744,ZNF143_TGCAAG20NCG,ZNF143_K562_Znf143_(16618-1-AP)_Stanford
PRJEB9797_PRJEB20112,E2F4_TCAGGG40NGCA,E2F4_GM12878_E2F4_Stanford
PRJEB9797_PRJEB20112,E2F4_TCAGGG40NGCA,E2F4_HeLa-S3_E2F4_USC
PRJEB9797_PRJEB20112,E2F4_TCAGGG40NGCA,E2F4_K562_E2F4_USC
PRJEB9797_PRJEB20112,FOXA1_TAGCGT40NTCA,FOXA1_HepG2_FOXA1_(SC-101058)_HudsonAlpha
PRJEB9797_PRJEB20112,FOXA1_TAGCGT40NTCA,FOXA1_HepG2_FOXA1_(SC-6553)_HudsonAlpha
PRJEB9797_PRJEB20112,IRF4_TGTAGA40NTGT,IRF4_GM12878_IRF4_(SC-6059)_HudsonAlpha
PRJEB9797_PRJEB20112,MYBL2_TTAGAG40NCGG,MYBL2_HepG2_MYBL2_(SC-81192)_HudsonAlpha
PRJEB9797_PRJEB20112,NFATC1_TTCAAG40NGCC,NFATC1_GM12878_NFATC1_(SC-17834)_HudsonAlpha
PRJEB9797_PRJEB20112,POU5F1_TGCAGG40NTCG,POU5F1_H1-hESC_POU5F1_(SC-9081)_HudsonAlpha
